{
  "id": "3511070",
  "name": "DreamCat X3.0",
  "font_family": "iconfont",
  "css_prefix_text": "icon-",
  "description": "",
  "glyphs": [
    {
      "icon_id": "912827",
      "name": "支付宝",
      "font_class": "zhifubao",
      "unicode": "e665",
      "unicode_decimal": 58981
    },
    {
      "icon_id": "14401714",
      "name": "github",
      "font_class": "github",
      "unicode": "e66f",
      "unicode_decimal": 58991
    },
    {
      "icon_id": "20647584",
      "name": "icon_bilibili-circle",
      "font_class": "icon_bilibili-circle",
      "unicode": "e600",
      "unicode_decimal": 58880
    },
    {
      "icon_id": "405719",
      "name": "linkedin0",
      "font_class": "linkedin0",
      "unicode": "e698",
      "unicode_decimal": 59032
    },
    {
      "icon_id": "429499",
      "name": "微信",
      "font_class": "logo-wechat",
      "unicode": "e619",
      "unicode_decimal": 58905
    },
    {
      "icon_id": "599927",
      "name": "微博",
      "font_class": "weibo",
      "unicode": "e66b",
      "unicode_decimal": 58987
    },
    {
      "icon_id": "1262237",
      "name": "telegram",
      "font_class": "telegram",
      "unicode": "e715",
      "unicode_decimal": 59157
    },
    {
      "icon_id": "4937004",
      "name": "QQ-circle-fill",
      "font_class": "QQ-circle-fill",
      "unicode": "e887",
      "unicode_decimal": 59527
    }
  ]
}
